old_url,new_url
https://cdn.kpopping.com/albums/2026-ARIRANG/cover.webp,https://f003.backblazeb2.com/file/StrayKids/media/comebacks/ae59189730be56fa1a9064c669f717c450932bb8.webp
https://cdn.kpopping.com/albums/we-together/cover.jpg?v=1773324227546,https://f003.backblazeb2.com/file/StrayKids/media/comebacks/cbbcce689e88af2de773419e89413b7164bd87d7.jpg
https://cdn.kpopping.com/albums/ice-cream4/cover.webp?v=1773946157001,https://f003.backblazeb2.com/file/StrayKids/media/comebacks/125fe335a711ccd81de905b5039fd5434fc699fe.webp
https://cdn.kpopping.com/albums/moveurbody/cover.jpg?v=1773855917129,https://f003.backblazeb2.com/file/StrayKids/media/comebacks/0fb0efe442aebff980b5dba45463efafca24b758.jpg
https://cdn.kpopping.com/albums/you-like-it-i-love-it/cover.jpg?v=1773844880092,https://f003.backblazeb2.com/file/StrayKids/media/comebacks/a2f2c97ba94f759168f88726db7f57ae6e74f421.jpg
https://cdn.kpopping.com/albums/after-cry/cover.jpg,https://f003.backblazeb2.com/file/StrayKids/media/comebacks/68859e0b79e87df40729ceef5640091566f9eac0.jpg
https://cdn.kpopping.com/albums/about-love/cover.jpg?v=1773411409834,https://f003.backblazeb2.com/file/StrayKids/media/comebacks/f46b020ba984284c69b7e75c8b396e45dce34922.jpg
https://cdn.kpopping.com/albums/stay/cover.jpg?v=1773858508007,https://f003.backblazeb2.com/file/StrayKids/media/comebacks/5ff745596fcd7fd10b9dd9354981db71f1653bfe.jpg
https://cdn.kpopping.com/albums/rev/cover.jpg,https://f003.backblazeb2.com/file/StrayKids/media/comebacks/952911211975c2aabc203bca8e29225c86a963d0.jpg
https://cdn.kpopping.com/albums/first-move/cover.jpg,https://f003.backblazeb2.com/file/StrayKids/media/comebacks/43ce5c0877b4efdbc4b956e1a6764eeb7858318d.jpg
https://cdn.kpopping.com/albums/free-falling/cover.jpg?v=1773381327922,https://f003.backblazeb2.com/file/StrayKids/media/comebacks/d923e38bd9986d0eed5c21f144abfde8862ba5c4.jpg
https://cdn.kpopping.com/albums/diary-breaking-through/cover.png?v=1773946132210,https://f003.backblazeb2.com/file/StrayKids/media/comebacks/43cfe527581f58dbf3a4a3042a536d171db4b4ba.png
https://cdn.kpopping.com/albums/every/cover.jpg,https://f003.backblazeb2.com/file/StrayKids/media/comebacks/bd40ea4a46f6aa10b8be0f22c4673b204a5263c7.jpg
https://cdn.kpopping.com/albums/unpiltered/cover.jpg,https://f003.backblazeb2.com/file/StrayKids/media/comebacks/ff5295c48b33051bd1f7c8c7f57b97986aa2bc72.jpg
https://cdn.kpopping.com/albums/daydream/cover.jpg,https://f003.backblazeb2.com/file/StrayKids/media/comebacks/ede280fe696f4b354aab6353d223019341c3be5f.jpg
https://cdn.kpopping.com/albums/biggest-fan/cover.png,https://f003.backblazeb2.com/file/StrayKids/media/comebacks/c1a938eadd607a541f92b26a3b92a395f2d999ce.png
https://cdn.kpopping.com/albums/crack-code/cover.jpg,https://f003.backblazeb2.com/file/StrayKids/media/comebacks/4cade0e991f92fba1536f0ace91b3ada4e7c0306.jpg
https://cdn.kpopping.com/albums/like-you-better-japanese-ver/cover.jpg,https://f003.backblazeb2.com/file/StrayKids/media/comebacks/056f92c2a3103325fbab18ad22ee452ebefadb3d.jpg
https://cdn.kpopping.com/albums/good-girl-but-not-for-you/cover.png,https://f003.backblazeb2.com/file/StrayKids/media/comebacks/e8434335331112c077dd681d501468dd578833c1.png
https://cdn.kpopping.com/albums/unfold/cover.jpg,https://f003.backblazeb2.com/file/StrayKids/media/comebacks/52e522b39014535e809cffdee011ac3e17e1bec1.jpg
https://cdn.kpopping.com/albums/my-first-kick/cover.jpg,https://f003.backblazeb2.com/file/StrayKids/media/comebacks/d742edc8eb86e0072951acb9542fd3bf423e788d.jpg
https://cdn.kpopping.com/albums/who-is-she/cover.png?v=1773852568228,https://f003.backblazeb2.com/file/StrayKids/media/comebacks/0390b3d3f7285584de7bf648ce9d8f1e3e517992.png
https://cdn.kpopping.com/albums/the-first-wave/cover.jpg,https://f003.backblazeb2.com/file/StrayKids/media/comebacks/c65997ba01e7490f790c006062bb97f69da3f1e9.jpg
https://cdn.kpopping.com/albums/1-got-hooked-an-addictive-symphony/cover.jpg?v=1773922834110,https://f003.backblazeb2.com/file/StrayKids/media/comebacks/711d526dd0991d7e387557eaf392a90dfd9d2290.jpg
https://cdn.kpopping.com/albums/caligo-pt2/cover.jpg?v=1773888958847,https://f003.backblazeb2.com/file/StrayKids/media/comebacks/fce7ddf35ce568a90863eeb7c509367038ed9a2e.jpg
https://cdn.kpopping.com/albums/7th-year-a-moment-of-stillness-in-the-thorns/cover.jpg,https://f003.backblazeb2.com/file/StrayKids/media/comebacks/36d1363a4372d00bc2d51a5c242b0042a025f79c.jpg
https://cdn.kpopping.com/albums/we-on-fire/cover.webp,https://f003.backblazeb2.com/file/StrayKids/media/comebacks/9c6285bb4c75d7288d123381f5d753d4377899cc.webp
https://cdn.kpopping.com/albums/reblue/cover.jpg?v=1773912800603,https://f003.backblazeb2.com/file/StrayKids/media/comebacks/7d76a99134ca416a3d727cc35902a90468c7b51f.jpg
